Date,Car_ID,Duration_min,Distance_km,Revenue,Fuel_cost
2025-04-24,5,145,19.32196824346151,591.4990079587064,160.62161956426834
2025-04-24,7,41,4.780243220326323,139.94358105235676,29.04598814681317
2025-04-24,13,77,10.98816578068027,326.93861271224694,84.49709077933363
2025-04-24,4,165,20.18102073065879,613.4709608146751,133.38007274184878
2025-04-24,13,174,21.214181381830368,677.7474704544308,183.32030160419592
2025-04-24,10,59,5.9409671225097584,154.79155735539535,43.7825733556428
2025-04-24,12,58,6.331030388353686,214.1965013153248,44.14649688300893
2025-04-24,7,143,13.721630977044837,401.64692905563254,116.00327611755552
2025-04-24,9,17,1.368273035332117,41.1952435031579,9.923034872770915
2025-04-25,5,65,6.425826118783273,176.33273454079537,41.79918363575586
2025-04-25,9,127,10.736892076798847,295.6849258804588,72.3733973899223
2025-04-25,7,144,18.699687546438373,495.18398185935814,168.17043124717148
2025-04-25,17,16,1.8430005060163248,47.02376629643631,12.598639759861152
2025-04-25,1,143,13.838014525576394,366.00093658620864,103.34725037237149
2025-04-25,6,174,21.13904609685101,545.5677743455853,150.2767043408713
2025-04-26,17,52,5.498730603098082,172.23705928947473,43.44321124418692
2025-04-26,11,158,21.87844560121697,617.142832044814,143.51287885751154
2025-04-26,3,162,16.656373984989372,453.09352217571035,135.4737616245501
2025-04-26,19,162,20.276259443243163,542.2614756080495,163.68645517013857
2025-04-26,7,96,13.309411911697243,422.66567871581816,109.2123539954683
2025-04-26,18,165,19.453724097708385,621.6990798061994,130.06079178596002
2025-04-26,16,104,15.470185539438292,466.6791694289139,104.9263404228048
2025-04-27,1,62,9.149919984593364,279.8314038991064,79.12767565458982
2025-04-27,9,113,14.57983043508462,487.9375197752111,124.9341715295872
2025-04-27,1,166,23.167788574678497,795.9606516587769,193.59054994039556
2025-04-27,8,98,11.823510223054079,339.6046465394482,104.28809344212817
2025-04-27,18,142,14.395316771823271,429.7885574118604,105.73752339020083
2025-04-27,9,175,14.221423204290133,425.7742955228809,92.9578795048635
2025-04-27,8,149,19.43940340994971,545.8702653248141,148.27639568334968
2025-04-27,19,133,12.97179953121799,400.81185211909997,115.92480294756113
2025-04-27,19,22,2.731953484035785,90.01271219951093,20.511264377357755
2025-04-28,15,75,8.62076524439495,264.83027031177863,71.60116267128583
2025-04-28,17,172,25.24530006711115,862.0927621960776,179.50610278386853
2025-04-28,9,51,7.394097268438179,216.51278412557028,65.80720288166927
2025-04-28,3,130,13.079484917833229,377.3559222772379,111.87419728135788
2025-04-28,3,142,15.06450745891485,436.0710119300846,128.54001021964547
2025-04-29,3,118,10.021637240817233,271.47800702800953,80.30769403131424
2025-04-29,2,141,16.395913668830083,553.7511731476221,134.81221692881007
2025-04-29,1,151,19.505256767743745,557.7510912963248,134.2112935283456
2025-04-29,3,64,9.004483987238864,307.3446990008908,67.84002725105205
2025-04-29,4,34,4.266914155251081,136.62517793215997,35.78822194909232
2025-04-29,12,129,13.372096266369368,384.52572064632,84.0027842387729
2025-04-29,19,167,15.172436499547329,528.28009779419,129.2206148597548
2025-04-29,17,84,8.50320122627855,258.2492301924764,59.351951077087826
2025-04-29,8,67,6.633536275194589,229.86873719581618,48.90107276200969
2025-04-29,6,123,11.513612092695857,335.2019952737788,93.24340930280786
2025-04-30,8,66,5.89328385076252,204.4696558858906,47.99363846646814
2025-04-30,19,159,17.158876633080563,503.35920436731453,141.25406756140245
2025-04-30,5,131,11.221605103879703,328.60388657752725,90.50785262462614
2025-04-30,1,72,10.37267718723746,305.20069850149105,69.6977737337845
2025-04-30,16,103,13.000023086134842,361.3920483822605,115.2399505951195
2025-04-30,7,83,10.194097535621587,297.62687801395765,68.74076682244207
2025-04-30,16,100,8.100754420408292,211.92162006695594,49.72249483957427
2025-05-01,17,108,15.107282015123214,483.9856276161997,112.13412537137846
2025-05-01,16,99,11.20115937150932,299.42960177078805,81.785880629176
2025-05-01,10,83,11.791613050201656,325.5538927921469,71.29107395225626
2025-05-01,19,110,15.394971777150083,486.2799931143736,99.89494338223469
2025-05-01,16,16,1.3096926678066165,40.41417653290555,11.552393966572634
2025-05-01,12,177,22.130341026500755,654.6714530920885,169.00610301104268
2025-05-01,5,26,2.782706800797409,96.31478520808625,24.25421697021677
2025-05-02,12,43,3.6487775156342477,94.8966029458213,22.09212725699903
2025-05-02,19,49,5.074380957068332,160.1333884676553,36.31323356544843
2025-05-02,10,104,10.799746865699667,298.14802078469916,80.86971802102256
2025-05-02,18,89,12.58665064427354,407.18709037764853,105.85930517591112
2025-05-02,4,152,16.66573082615838,511.3913308358394,128.78899679921278
2025-05-02,3,50,5.3020633002747415,173.71748915694647,37.233265631786146
2025-05-02,5,26,2.8607691298225335,92.99991595771132,23.64033366286229
2025-05-02,9,44,6.299862952573065,189.32678084316566,53.418884033267105
2025-05-02,13,33,3.5390558778759167,88.85994748863513,30.84692748336403
2025-05-03,12,23,2.354094956520568,81.2177347631773,20.838028209837727
2025-05-03,19,125,10.728738597958523,278.05716319181244,83.76272523186675
2025-05-03,20,137,13.000060513282357,448.00737598005406,108.47105088443656
2025-05-03,7,123,17.85529959996759,620.3374264803257,160.47974972206364
2025-05-04,5,177,25.158654824375336,717.2518673442743,159.78767491911685
2025-05-04,12,23,3.0660321170651303,95.60556730140286,19.326328820658933
2025-05-04,7,155,14.814954130645681,429.1376061541357,128.52996016225197
2025-05-04,2,19,2.2027238043608826,60.20546537876918,17.0577086665534
2025-05-04,13,79,11.188390626570445,306.1910296886669,97.59723902714387
2025-05-05,13,146,15.259230481277203,489.543762891035,113.60498564136424
2025-05-05,12,105,10.228122535062617,289.48169671978206,74.69961531340573
2025-05-05,13,155,16.796442641578377,515.8982049301118,138.115830710555
2025-05-05,8,75,10.319649347352637,334.79126708248725,83.00216032220192
2025-05-05,17,167,23.513923808534788,640.4242503218883,209.0309670604185
2025-05-05,12,174,20.69214137066668,584.074257912963,126.84701365481045
2025-05-05,11,178,21.141024383640456,733.4460949974903,160.02261913773535
2025-05-05,9,63,8.108251718422162,239.56162665552142,63.914706954286935
2025-05-05,3,158,20.79233380662379,710.1110830650523,184.55498426785607
2025-05-06,16,116,12.979932832619989,404.99111548332064,88.68076436810325
2025-05-06,4,104,11.14659383544627,304.2345464697423,75.77246911773089
2025-05-06,5,55,5.400806971988911,159.49883755515586,32.92843847411183
2025-05-06,9,175,19.03728233068428,590.6853469860946,129.69858540475713
2025-05-06,13,60,5.120041594316485,176.15666061502858,37.11987748221244
2025-05-07,5,61,8.804883876337838,227.40799920205893,75.98601100533018
2025-05-07,13,19,1.5550680760813451,44.730963538495175,13.111805282468763
2025-05-07,15,25,3.0397287518662366,87.57126767889868,27.083202556855646
2025-05-07,17,175,19.741491207488387,575.4288357681469,134.64133716468586
2025-05-07,16,69,9.696609077311907,321.2390599736649,87.26126886047774
2025-05-08,6,17,2.020963729667127,66.06504998818104,17.85379419737739
2025-05-08,10,97,9.439493610836312,278.51642513750176,60.294560087323546
2025-05-08,19,18,1.728089934934363,54.80984029346192,13.57308318210811
2025-05-08,8,53,6.731536555649287,203.31311697942937,55.98588779360188
2025-05-08,18,26,3.565822038087773,123.66177280315559,22.340676202202864
2025-05-08,17,126,14.31400542910295,418.04564991701295,119.5792699450486
2025-05-08,14,80,10.908250138108427,371.2242300581314,85.64930174685438
2025-05-08,2,52,6.373439772332461,199.9121367108823,48.848890231376345
2025-05-08,19,66,7.809201937873896,230.4425558445417,68.18537384229947
2025-05-08,10,65,8.374270515295258,276.05546395528756,61.785706382007426
2025-05-09,17,88,11.776533286502847,302.21363414193684,72.27945991014309
2025-05-09,6,67,6.989368884577193,189.3511445541416,54.09037495529508
2025-05-09,11,129,15.171488652928051,449.09414231834194,117.64424894064183
2025-05-09,11,132,17.00644838095965,455.78425724707677,137.5737389837185
2025-05-09,3,110,12.449504630024116,394.3452473158624,81.13291888325425
2025-05-09,19,161,22.141580477236943,629.9462596831814,155.9399993021283
2025-05-09,6,15,1.7611446789191492,50.29814205564011,15.291405996555314
2025-05-10,17,92,9.485840865717401,267.65085095205706,59.541406637413374
2025-05-10,15,135,17.299565576557985,521.0035799996162,111.94433060796263
2025-05-10,16,75,6.013623878014145,202.5569596561068,37.60650375454543
2025-05-10,3,61,6.461915878919202,192.85736469005198,50.756826249622755
2025-05-10,14,144,19.054507056388264,483.3524798930048,128.7572269502183
2025-05-10,7,17,2.4252961368477672,73.0420966579469,18.423375161622317
2025-05-11,13,32,3.5622037016845383,108.0280045235853,23.964410186898075
2025-05-11,5,42,3.4190093214665156,96.48714973045332,22.6828840495792
2025-05-11,12,39,5.5511394764199125,171.72963192878615,44.61621193551334
2025-05-11,3,123,13.969201896104094,430.8380528983244,114.69367713776074
2025-05-11,15,22,2.663264569377569,81.61463860626975,19.005902559903927
2025-05-11,5,20,2.859506356003017,88.8607390977884,19.253226339499818
2025-05-11,13,135,13.041793181905149,339.319089122211,84.23143092904922
2025-05-11,16,18,2.5120300724735443,65.00851537026966,21.145250924373983
2025-05-11,9,145,16.923790604138084,492.5494647492093,151.41945364446065
2025-05-11,6,80,9.625591139711695,328.9445293420571,57.90659392213379
2025-05-12,17,108,9.931910160668899,314.70679791502073,87.28289745250733
2025-05-12,15,150,17.004504583327325,567.7094242127545,112.48875443446114
2025-05-12,4,33,3.1008610021515186,100.35152685253324,23.534046808693255
2025-05-12,1,104,13.909434770503866,359.87743985367825,104.57546852724602
2025-05-12,4,91,10.672594685353602,272.3457831705126,74.81289120368078
2025-05-12,10,19,1.604288710728781,55.98903801715582,11.177178167431578
2025-05-12,2,98,9.58683489167942,305.00541305389424,79.38554626852817
2025-05-12,11,157,17.74262231216624,516.6369357282787,125.02524754291495
2025-05-12,17,83,11.465898759246706,397.29647755767616,73.07093069710238
2025-05-12,11,151,14.246869132262718,410.19992851849236,125.07822588020485
2025-05-13,8,25,3.3917177957548077,91.63157458903305,22.015531095924775
2025-05-13,5,19,1.8334700222664497,57.45652383601711,15.994456136900892
2025-05-13,13,56,6.01838482109673,199.60571724173667,44.03895753103849
2025-05-13,14,46,5.1698289098561325,144.82644321285096,42.61401121988122
2025-05-13,15,167,17.51418706175705,506.4195856379311,133.03027653890229
2025-05-14,8,118,14.596205846249575,381.9678248082648,128.73118448903793
2025-05-14,7,56,5.025946524840478,165.55594452750043,39.50503668746438
2025-05-14,20,169,22.849105008786196,605.8839777617414,158.46234083456653
2025-05-14,5,169,22.32088464113477,565.5068521031064,172.08663358936454
2025-05-14,10,19,2.686098296893127,76.34110944856839,22.734523323530365
2025-05-14,15,123,10.937677382678368,316.8959366908362,91.78774276487411
2025-05-14,5,171,16.424139200934718,529.2272472385714,134.02277612358324
2025-05-14,19,178,21.002346564111047,577.9423750995845,147.79536056884828
2025-05-15,11,88,9.149949424219827,249.55123556820607,66.52736614753583
2025-05-15,14,121,10.9788863843932,338.8336668183733,82.53560129222917
2025-05-15,1,125,16.353336378046006,505.8026279451595,103.1345725087889
2025-05-15,16,82,11.095085817092258,279.9315231858248,88.25144021561744
2025-05-15,17,106,11.25831044332553,289.2171619474186,70.1613763371976
2025-05-15,14,54,7.496861808885999,255.69443101797833,47.74325723373212
2025-05-15,5,163,14.928589023290776,401.0298039465276,127.07920153917385
2025-05-16,1,77,7.838684583206006,213.79194005672994,61.32738473779329
2025-05-16,15,67,6.932075063319275,228.95628028824348,41.68877897340444
2025-05-16,9,49,5.285718619016936,160.54818491769151,46.30060558954229
2025-05-16,2,149,15.538721895777654,503.0663153161043,114.3129978339697
2025-05-17,11,122,17.55488041298776,482.4478655041255,135.7500621083192
2025-05-17,20,102,10.383918441887888,340.6439987612187,70.95083833462172
2025-05-17,18,63,5.825138613895604,201.61214351699238,37.54877467101875
2025-05-17,8,63,6.361217970890164,178.74621272447757,45.74958923396824
2025-05-17,19,137,18.629909591692243,530.8382218403235,137.9488074456004
2025-05-17,17,44,6.096619624940385,188.23030234666382,41.957753435485934
2025-05-17,19,127,13.722783611181649,419.867821945868,88.72768657505127
2025-05-17,1,22,3.0871498563608166,106.38674853928633,21.98028454455848
2025-05-17,10,124,14.49070109060267,478.30178313480445,129.50041500873235
2025-05-17,18,149,18.79257671412288,474.9064530307421,125.26974692931127
2025-05-18,8,68,7.054931130465868,216.54712626676383,61.11250453822353
2025-05-18,15,22,1.9131397448493916,52.48071745566642,15.624231190266817
2025-05-18,14,158,17.03284983758011,539.6151840387729,112.67149919412017
2025-05-18,16,21,2.610863939119112,84.4850666502262,22.308224815339443
2025-05-18,16,139,19.647800858266606,617.5157558624818,159.37978558404325
2025-05-18,1,61,7.547730627354682,214.04351585079246,63.96944739282919
2025-05-19,3,133,13.135672496060979,410.37796882432815,94.94772711413195
2025-05-19,9,67,6.741044412251593,232.46176895807776,55.88876818916035
2025-05-19,17,172,19.62867162692414,666.3055098214821,164.8723182657225
2025-05-19,17,128,10.441325002548252,289.0866013653531,79.61408661861181
2025-05-19,13,39,3.8240333812326424,100.92985732213614,32.522603576958836
2025-05-19,4,168,19.622116543879585,524.2400231478439,133.7624375534235
2025-05-19,11,84,12.096076982575735,316.6451861986014,93.49722490408536
2025-05-19,6,48,5.702038088453065,179.69519087109882,48.405886635679025
2025-05-20,10,100,8.958199410481651,304.5804499303032,77.23464119582877
2025-05-20,8,112,13.66805218579984,432.5988643766861,89.1992644791463
2025-05-20,13,159,17.380915942048773,501.11588408786724,131.34329070137815
2025-05-20,2,68,8.953040014189522,231.23899822529052,69.91837499722331
2025-05-20,11,54,5.97259103823038,203.99466379946978,48.76380832975853
2025-05-20,8,68,7.705999914467714,243.79249729688541,67.89362916012847
2025-05-20,5,70,6.653207855094708,168.4048751687299,45.15393872950176
2025-05-20,3,95,10.900835543888222,337.5817460130929,76.3356263193644
2025-05-21,2,87,7.4175890907710755,239.45377700965696,55.53158748961515
2025-05-21,11,118,13.031673816866943,357.90215467152206,110.21286558091134
2025-05-21,5,122,15.692707861096805,435.0246378710992,121.94319944409163
2025-05-21,19,115,9.937235690279406,339.5865042695973,63.702211088465646
2025-05-22,10,71,7.89664869160104,212.03551429288356,60.21749637088427
2025-05-22,19,22,2.743982053414763,89.42735871594012,22.4246719415187
2025-05-22,16,39,5.586183208496347,175.77846733936815,45.133710431337825
2025-05-22,9,123,15.607989369775837,397.09307106730336,121.19277961488825
2025-05-22,17,165,19.619566015599425,583.3309218994489,136.13162562513332
2025-05-22,15,131,17.183487067272445,462.6824057130474,109.0437637672099
2025-05-22,18,130,18.08539952666914,509.84558364426323,153.486199731575
2025-05-22,17,28,3.408688961824824,93.05750989346815,21.685058809080758
2025-05-22,2,145,18.66733107516312,530.1288616072536,152.59237028019223
2025-05-22,12,53,5.4097271533515645,164.42818576738503,45.29115264694967
2025-05-23,13,175,24.853227415893294,774.3925641270513,166.4887489095771
2025-05-23,3,48,3.911465220457301,132.00028222123325,29.675548933411214
2025-05-23,3,137,20.530188120014706,585.2564984717226,170.43268840577295
2025-05-23,12,30,4.234721939791312,147.54124707082482,35.16860448309921
2025-05-23,7,98,12.899814588899796,353.2971738072729,81.67417426220317
2025-05-23,14,134,13.414301741715287,375.1052089060539,89.88686503565272
2025-05-24,16,87,7.626657675955812,220.53473207377291,48.607074010340654
2025-05-24,5,75,7.359658920909522,227.30705683975773,65.84680614122944
2025-05-24,14,102,11.49724679032407,357.9565910156121,74.74477224369124
2025-05-24,20,18,1.7319063437431386,59.62488999430695,13.766819520202898
2025-05-24,19,124,11.922213965710146,319.10139882790764,79.41933507732966
2025-05-24,17,17,2.343184777994819,77.34313286549444,18.486166796014253
2025-05-24,17,23,3.3336811759442933,116.50908420016877,21.7412210123932
2025-05-25,10,177,23.554574713973693,752.8090643534844,152.2023061560126
2025-05-25,3,27,2.5830152920147578,78.44551375791382,20.092810508915605
2025-05-25,14,115,9.936469041051927,335.6003529889131,67.53619404776582
2025-05-26,9,167,23.32214240482652,591.3148153263983,162.9554028339353
2025-05-26,5,153,13.171628198651204,383.09064355739713,93.75651293188591
2025-05-26,8,147,12.261983055416952,371.857207067069,108.96446830800586
2025-05-26,16,42,3.583824726901483,120.1013820353119,26.826503462265123
2025-05-26,19,81,8.452078208805434,268.60841070276143,65.05730166757319
2025-05-26,13,47,6.65069265510847,219.30167022664742,53.041638272167276
2025-05-27,1,73,10.27187336690459,329.55898211881896,87.42432494751645
2025-05-27,10,114,14.056518798157171,457.21872589020614,91.02741972105039
2025-05-27,11,59,8.320713769587808,210.4514269463821,70.53843704026829
2025-05-27,10,174,18.00174764487635,583.8881711383444,116.69236310949269
2025-05-28,4,16,2.211990279312671,66.52489392425478,13.314318134363747
2025-05-28,13,60,6.17102102131383,188.82363573205348,39.170750754026095
2025-05-28,2,102,14.005371062368871,368.1239961530294,95.9371957593084
2025-05-28,7,88,9.702603228777875,324.07873677007353,69.6302822036792
2025-05-28,15,51,4.445959728926725,152.8177943337299,35.850695031919614
2025-05-28,18,82,8.287530874274726,265.87825234634204,51.39969581286861
2025-05-28,10,132,13.755959446245319,429.31187297567124,84.42343336381303
2025-05-28,18,28,4.148038379587698,143.8903847782691,34.2169839857198
2025-05-29,3,139,14.8525472937467,381.06083650358534,125.71996347386299
2025-05-29,15,93,12.77029453825468,351.5034745264376,76.66120751207788
2025-05-29,2,43,6.282353941223067,163.47901342508354,53.79346807699806
2025-05-29,15,133,18.329322329597037,512.9230694451827,156.1629209409208
2025-05-29,15,98,12.329946929968587,341.94142790917704,109.15197336037684
2025-05-29,12,106,13.906023896944747,474.12929326459215,119.20355316844359
2025-05-29,20,20,2.664131709813336,78.38671432603516,18.478033828332414
2025-05-30,6,29,3.834049134422857,103.5330963695379,32.98957137144546
2025-05-30,12,32,4.496162479640787,133.68034826562865,40.036439768719625
2025-05-30,14,159,13.734660778220913,364.4709297554209,101.10194917495048
2025-05-30,18,145,19.68749795281988,550.1017625503459,171.9802979316612
2025-05-30,3,162,21.992732879669838,655.7182465158058,139.69618027136235
2025-05-30,17,140,17.918539814843918,525.0680284742785,118.29056978678554
2025-05-31,2,102,11.25338178765762,392.1073666986703,72.57015496588964
2025-05-31,18,78,8.39967615798463,291.8635350191095,68.58892383903364
2025-05-31,11,59,7.846654775234351,270.91741922872876,68.44994735687234
2025-06-01,11,102,9.201883608610938,239.5059276351811,70.97149198447165
2025-06-01,15,94,10.693904990609473,289.8422089899068,75.26423484236896
2025-06-01,8,174,25.38427280155047,652.9891641131022,192.9896865051274
2025-06-02,9,172,14.159765429848052,365.12066662165205,101.81961403307248
2025-06-02,2,180,21.551014688095634,687.362063970437,181.06645526335532
2025-06-02,2,120,11.006853690976186,286.68097146782566,87.05640606957193
2025-06-02,3,137,11.262911128877908,387.0175314940461,69.33351062032817
2025-06-02,9,128,18.61940826508316,641.8762569655062,146.64485786624675
2025-06-03,20,76,9.33721248488776,278.6596244456798,74.53392848587286
2025-06-03,16,146,17.786203316098327,584.069134511302,132.37757986151695
2025-06-03,9,120,13.284300618512123,428.39565463929273,103.34967945516357
2025-06-03,12,155,17.60017637505272,548.3760912534685,122.9733530583343
2025-06-03,14,114,15.059346943447744,507.7759965384579,109.94778004446434
2025-06-04,19,58,6.894776016806783,221.9567521409335,46.0940889152112
2025-06-04,9,73,9.163164257232847,247.36350897236696,73.67811489681726
2025-06-04,15,111,15.410315196771775,412.1016221377768,136.87968458065822
2025-06-04,20,51,5.314987923392657,152.59536352855358,47.63796405175947
2025-06-04,18,110,13.32804951129361,337.11894406633786,95.78263436640779
2025-06-04,4,80,9.74725196543284,320.97272765228786,77.63713498852144
2025-06-04,19,129,12.883206393336065,368.3503282490939,92.13478460303749
2025-06-04,18,54,7.480072681092971,204.63923703174422,62.294049934062436
2025-06-04,4,101,12.552061569909984,360.60172975027496,94.61550227170584
2025-06-05,5,83,7.04166148774426,206.8252440156684,44.30740283098088
2025-06-05,15,28,3.2490420137021925,92.89769344159119,25.27381876733085
2025-06-05,6,159,17.072737502934096,592.3236586867534,115.65755802931754
2025-06-05,5,19,1.9525027854188441,63.914653958968174,12.481610273784682
2025-06-06,13,165,18.441269202981033,504.5624314751313,114.71373512705492
2025-06-06,14,94,10.940112581498596,310.37134144227394,92.8449075080533
2025-06-06,1,147,14.319269864926712,446.35240271286466,116.27722029845388
2025-06-06,20,42,3.467813995184616,112.23240201888322,27.712735863969122
2025-06-06,5,63,8.762791679954159,289.66898912943515,67.9647651422071
2025-06-06,15,148,13.972514935980918,364.95085893616346,95.14233104357407
2025-06-06,2,51,7.423682321493013,188.51279751058289,47.26160955870388
2025-06-06,6,73,7.455557696431195,224.20612622892537,45.66319272635457
2025-06-06,10,34,5.0681796926420555,175.61844209871478,30.484188289013773
2025-06-06,2,64,9.479477911355152,291.9785584589306,64.1066163371164
2025-06-07,11,165,20.902282174657508,551.7473536960521,127.29324234786355
2025-06-07,13,66,8.535625123843307,230.62008206883408,68.45825113435713
2025-06-07,18,99,8.57073196042067,271.91522372370406,62.83418432363612
2025-06-07,5,100,9.787145673099024,309.43356377864865,87.45689494871844
2025-06-07,11,172,19.745984158661464,615.6496221413954,169.94805712866506
2025-06-07,8,127,10.43014096070488,357.8527852308431,84.15642939253742
2025-06-08,1,15,1.426458910017603,45.060203247385196,10.244247632458105
2025-06-08,5,119,10.407919942465563,328.6660112099918,93.65297379646037
2025-06-08,6,77,11.4269688529529,332.17146725581074,98.41203078453279
2025-06-08,9,91,9.118927243530164,237.92280902465652,72.50946862302571
2025-06-08,6,146,18.502804400459834,612.0442645059393,153.33006464120865
2025-06-08,9,37,4.088160785365496,135.63839734910593,26.003266550828833
2025-06-09,7,103,10.607628653051435,332.040920088085,83.05237991895874
2025-06-09,15,163,17.380588825296222,529.847201960543,135.38533929472672
2025-06-09,17,49,4.69953482151261,120.92823846324107,36.70499196184143
2025-06-09,14,88,11.717561060004854,351.57901116944606,89.37090444341342
2025-06-09,8,62,8.636706348356972,294.8775819211025,72.90501949536781
2025-06-09,12,147,15.863886415429105,488.6350460536556,120.57834906935133
2025-06-09,15,57,7.6118842135530915,252.18063844259558,62.070114403268455
2025-06-09,11,35,3.279656064924688,82.23943791102052,26.048419509035693
2025-06-09,15,39,4.907312112307581,141.33424522055856,32.346363173812996
2025-06-09,13,33,2.87428211371769,85.8223779128403,19.459837569768766
2025-06-10,20,41,5.94796886820111,180.35789349225465,46.05391051124847
2025-06-10,10,178,23.181741892421524,672.248540166232,207.01702850199828
2025-06-10,11,21,2.681243245328525,71.8958845752378,20.311731797424684
2025-06-10,7,70,9.487695564924403,254.766300231167,83.04824205317524
2025-06-10,20,132,18.00737115992246,549.2656146645468,110.38946373586194
2025-06-10,10,61,8.942492271222424,277.3613972999068,75.6317237596213
2025-06-10,9,40,3.7937255517430346,118.0220806839082,27.440340935656813
2025-06-10,10,86,11.515067095515107,351.973808087792,77.9217104803104
2025-06-10,4,64,8.399172142783643,281.4708949736816,67.31326699759961
2025-06-11,18,161,19.910894589104977,587.7233510286405,154.50506536072106
2025-06-11,15,63,8.289613215203843,278.76287094051213,55.127746624502464
2025-06-11,17,164,13.391370967811943,420.7530593272848,104.73769015570488
2025-06-11,11,152,14.893244138950404,466.458712802755,91.97120135060291
2025-06-11,2,78,6.984961048959763,223.17960255818355,50.382218833474205
2025-06-11,7,38,3.3815288099479734,88.05871803656075,27.637290594541263
2025-06-11,10,46,4.562797346322575,117.69367851875998,28.54930777978314
2025-06-11,1,178,16.630666865995536,469.54551888468654,111.09234255141959
2025-06-12,9,27,3.1410230048166308,80.64930129699351,26.387952638274
2025-06-12,8,64,8.166991051343462,223.0265755056834,60.19542770146139
2025-06-12,6,144,21.540924761109366,681.0894009527246,165.2910604463427
2025-06-12,2,44,4.547394212374377,140.08134216907328,28.49534627688593
2025-06-12,5,91,11.32469549041488,368.60047181515915,73.74000515544945
2025-06-12,10,172,19.182466072548547,624.612425832098,135.09663334978606
2025-06-12,12,150,20.352224588292156,697.5069268605921,136.43981257311282
2025-06-12,19,118,9.60541769994731,310.9446823120399,79.78067270695863
2025-06-13,1,135,17.1462272921432,444.5895246195142,116.09953631806482
2025-06-13,8,46,4.091237417305456,136.07732341377633,34.14581222481548
2025-06-13,2,156,13.764727390931261,375.413297334891,96.69753347071759
2025-06-13,9,99,10.320009856321795,282.6707802528655,77.70113688938196
2025-06-13,3,165,24.084570070630793,812.4536320111579,156.19548487347538
2025-06-13,11,157,23.46381658290821,786.3722049991181,155.46025689091437
2025-06-13,15,63,5.553175814674949,184.22381487593745,39.660059091557905
2025-06-13,10,172,22.44592169063793,592.8592025723892,148.94995731556162
2025-06-13,14,87,8.92419538508467,225.14797429910502,57.66255911491094
2025-06-14,3,34,4.0838386008554215,140.18718304299944,31.549654482798886
2025-06-14,1,178,21.79538196763986,575.2232903477965,189.50615762699397
2025-06-14,14,139,14.209580987840651,490.6280610306656,120.43475733450322
2025-06-14,13,131,11.59655672501877,345.3725978865783,87.1866552563353
2025-06-14,15,82,7.019001363622393,229.99327630494528,44.68370077354693
2025-06-14,13,45,5.194346867946769,152.68843333143275,32.812658272923336
2025-06-14,6,174,16.551345062966924,516.3337669578927,131.59317829960116
2025-06-14,19,45,3.7932513253986047,124.44753234670938,27.99192365303707
2025-06-15,2,140,20.949689908263718,535.847096062587,169.38045700929968
2025-06-15,9,97,8.918813710554488,229.62643687711923,74.45504280148383
2025-06-15,14,129,11.92523048229677,380.6078092412399,93.66260889131294
2025-06-15,4,117,11.234646813693766,307.0030749276771,74.8497995656919
2025-06-15,20,178,20.80693664033918,608.8283157295623,133.0006674232397
2025-06-16,20,76,9.559683231379031,272.85594326174237,72.42907255621154
2025-06-16,14,100,14.746755928376457,405.3264221007631,94.40004869391414
2025-06-16,6,93,11.22978497586762,357.21663323533136,73.76940692330015
2025-06-16,5,79,8.10895718386045,270.3772323252899,63.96261432454939
2025-06-16,18,174,19.862062255023094,518.3474284731989,151.82318997981696
2025-06-16,20,131,14.957171226489706,396.37231636358325,104.31172765377987
2025-06-17,18,171,19.17957781781966,630.0523043534781,166.40689004176198
2025-06-17,9,31,3.9093619572701526,134.59273089545982,32.94282644197907
2025-06-17,16,43,4.280896818943496,146.8484120206404,28.93533203361209
2025-06-17,8,35,4.8215738800253245,144.42793620914387,34.51787271705464
2025-06-17,8,93,13.229934863998777,390.3650586696913,114.40425193605768
2025-06-17,5,174,25.9571928007816,763.9910699612572,159.46781828505766
2025-06-17,8,101,13.144406353603163,338.08521688104133,81.67632027714289
2025-06-17,17,147,16.993280888415583,490.69716860636123,125.50966748167153
2025-06-17,4,153,22.636732046652877,779.2277109610154,189.05130220208022
2025-06-18,19,19,2.2509893381461694,74.96997551695742,13.96995158905435
2025-06-18,10,52,4.460728294991737,134.47568396139965,38.79362679005843
2025-06-18,8,118,14.59972107873622,420.7551490468585,96.60725644492929
2025-06-18,17,50,6.1525453881360335,201.47332964897487,48.80022276539318
2025-06-18,18,24,3.2618398419796852,91.09738190870057,29.16055784466007
2025-06-18,13,174,23.031531325451702,762.7512961708254,183.54831078044344
2025-06-19,11,24,2.4882894100707573,85.3006421906012,16.606462405287406
2025-06-19,8,73,8.650969815741178,249.89648169103086,56.15388977185334
2025-06-19,20,172,24.936943095496865,791.9928927860358,186.73140875039482
2025-06-19,17,134,20.028856456591228,635.2061564955269,139.21592315937494
2025-06-19,7,26,3.752446291223989,103.27636608704059,31.014440603071673
2025-06-19,8,60,7.859660844078775,257.51765702935774,62.62959357347472
2025-06-19,11,100,13.272311351393821,367.5542722622415,101.11734255835584
2025-06-19,13,16,1.4275362262691094,46.0520318672037,12.067471908661322
2025-06-19,15,165,22.910119973529362,740.6387124120586,174.7288781369648
2025-06-19,1,17,1.7140826570693963,52.537010414959184,13.826914989278597
2025-06-20,7,122,15.193928162982779,495.49246364589726,98.45991974518964
2025-06-20,10,158,21.61797951853475,700.7926495077357,186.87343181604177
2025-06-20,4,118,11.042058943631819,373.2013285642945,88.03481285985464
2025-06-21,10,163,21.404343487698586,666.9562288004,140.49969893786673
2025-06-21,9,126,16.993043539161203,519.006041331059,102.22486238685032
2025-06-21,12,28,3.709109149559021,120.86786414012688,29.80319819351138
2025-06-21,16,84,11.87470647954982,415.1794401369481,84.36894158246778
2025-06-21,4,34,4.577351467230513,124.37621050088961,29.356700352436544
2025-06-22,6,68,8.7511423773248,219.06019426320807,68.77319778669903
2025-06-22,4,71,7.606737765909459,220.77241348376637,65.59128265298138
2025-06-22,14,17,1.4371757774347322,44.264780941833955,11.04391081226344
2025-06-22,4,134,16.380714312674748,520.3281380307631,137.84317036189805
2025-06-22,19,63,7.846923771126769,207.86498999298038,63.45216337179742
2025-06-22,12,44,6.544465106574127,177.34466379666995,55.466907228160075
2025-06-22,19,108,11.121137217286394,326.2963196939532,69.68283591165103
2025-06-23,20,127,15.478222864226638,500.82314795751796,139.22727301721818
2025-06-23,13,175,19.160288652852383,600.9006357435164,160.12166726610764
2025-06-23,15,61,8.465955759664086,244.14402189326637,65.32007060314845
2025-06-23,16,83,7.711807030706445,220.73007402471285,54.009901709350785
2025-06-23,13,121,9.88490424015978,329.3350623395846,67.40726186305103
2025-06-24,17,123,16.57803050212002,423.7570229000414,141.87783638325595
2025-06-24,19,83,11.531634023060407,309.7513849942693,96.95717083722853
2025-06-24,10,19,2.4590052801931526,76.99565151593345,15.121717109640276
2025-06-24,7,177,19.572580205402073,632.0980882930501,162.38466907373248
2025-06-24,14,74,6.600389934190616,191.33448151325587,57.87135544210813
2025-06-24,4,172,17.164258102528297,436.7608377369286,104.85409897656567
2025-06-24,7,177,17.574836876232133,577.7071383224632,156.8467012691721
2025-06-24,16,120,16.696231264802577,462.1748925263868,108.01034790459673
2025-06-24,4,121,10.210672633266853,347.8201768179901,65.52940250013967
2025-06-25,4,175,23.45525714572486,606.6525433346686,157.39305346326336
2025-06-25,11,162,14.41138628477087,487.41262804899577,103.47870440784276
2025-06-25,12,134,13.16028007922404,425.1850878497529,117.70411413095853
2025-06-25,18,83,10.440754434564374,281.70174824123893,80.35194969462208
2025-06-25,19,129,19.097208126572777,593.6419229381207,134.60703654735275
2025-06-25,9,175,15.852773652002949,432.03832420488504,107.05219494129757
2025-06-25,7,100,11.928559517977675,360.64698432441895,75.67843906457539
2025-06-26,2,42,5.485074051432942,140.8385110454303,44.5580280821232
2025-06-26,17,112,9.60072671065474,284.01835987271227,71.56467003514231
2025-06-26,5,16,2.0238904642460676,54.97069568231524,12.735710287900089
2025-06-27,16,126,14.138631172788036,459.40423989552954,97.15731803123585
2025-06-27,15,52,7.095309166727535,209.96721830059366,43.677798943342985
2025-06-27,17,46,4.512759088339485,120.25177814207562,31.5470976353533
2025-06-27,14,130,15.12641132148583,409.1514672858835,130.59372442641444
2025-06-27,20,106,10.375760617344588,357.614903474294,79.69151474901221
2025-06-27,17,80,6.765145711058755,200.51427641714423,59.04389579462941
2025-06-27,1,56,6.431425031494417,167.56908772801447,51.260646206100546
2025-06-27,18,161,17.85088322348633,481.19006349264515,117.10482658476516
2025-06-27,8,166,17.424516719527304,567.6004756507051,118.99768889579815
2025-06-28,8,69,8.624118596557805,232.4925088519035,74.95112628363364
2025-06-28,18,56,6.23460352605525,190.64296550644738,40.51309550394382
2025-06-28,16,145,15.285472476835206,519.2759831349518,99.45588384732008
2025-06-28,6,175,21.32687970977047,540.291673340032,151.23059682745705
2025-06-29,16,121,12.332482096102382,406.7984247398404,109.79938865994049
2025-06-29,19,46,4.058813641873027,131.49461667858625,28.24528615233023
2025-06-29,1,77,8.776084919231792,230.1470258707014,71.74937937045483
2025-06-29,2,18,2.6963184779228935,93.82601740265089,21.485349697885415
2025-06-29,5,39,3.373973228035874,85.34006956764944,28.57375866422713
2025-06-29,5,23,3.158692257317266,96.04931689971535,25.682468830383993
2025-06-30,12,135,15.252536644915098,506.6338850343107,112.5300976183464
2025-06-30,2,145,20.530192426609705,621.1276092874618,138.23019256521596
2025-06-30,1,177,15.919032953138714,453.36473179584897,117.02165393985291
2025-07-01,11,37,4.568204989769137,130.30233463794698,38.940944670507314
2025-07-01,11,108,16.042033331394567,502.7801264786845,102.32882956664042
2025-07-01,16,176,18.08528147011853,576.256242079618,112.2901281199692
2025-07-01,7,162,15.536216176646658,518.4499231213453,106.23397810946798
2025-07-01,3,18,2.531647007956691,68.747630673426,17.926930336422004
2025-07-01,3,71,7.190613614166397,226.7317528927715,63.38464389031915
2025-07-02,12,159,21.246300962837918,698.6734195520435,169.86321396201166
2025-07-02,18,129,18.511971127273643,586.9650501031441,142.19640910142462
2025-07-02,2,134,14.27973723365486,389.3699337517083,102.02637808151592
2025-07-02,3,161,23.88853970231513,623.663025453274,173.61343293153303
2025-07-02,8,102,8.354029614888628,289.5710010545716,53.31844014399215
2025-07-02,19,124,17.825485003069183,580.0344911312292,149.99647105678255
2025-07-02,20,85,10.4969997586585,321.1226217897919,82.76584443369042
2025-07-02,19,156,14.865399557085713,389.51021960441733,92.24014328089054
2025-07-03,17,44,3.66206057815406,112.32165199608825,25.090554369334924
2025-07-03,14,67,6.754045318153415,189.10780566282023,55.58295354205043
2025-07-03,4,82,11.595354484111029,391.6054732560326,81.06572069264756
2025-07-03,9,134,12.45839708397934,321.29821889910863,83.7021209110292
2025-07-04,17,172,18.927358424492137,523.8670117591697,158.37434114083453
2025-07-04,5,62,8.568161052433979,265.5254695609393,54.36325960173974
2025-07-04,9,151,19.153446779255486,637.6731752359132,165.42710743546766
2025-07-04,1,22,2.556867381702763,74.92714259897438,17.77237546641189
2025-07-05,12,61,5.467226518468656,155.3138292797314,35.50676061867335
2025-07-05,8,35,4.346703505075372,134.38690892028487,35.24264308321767
2025-07-05,4,69,7.994717045546169,208.2004042144601,57.19048006925973
2025-07-06,13,81,10.178111551622829,351.1988996556092,79.40914998652815
2025-07-06,9,15,1.4824068931177945,43.09315196941631,12.859049719417904
2025-07-06,18,159,13.16259519032278,408.57638927034793,114.80600451746751
2025-07-06,19,138,15.576739543415648,459.58629535809115,115.56249166937927
2025-07-07,3,156,19.149718376147387,532.4930047041086,126.78985900602974
2025-07-07,13,63,5.073798383983084,137.96006929559815,31.00174067304147
2025-07-07,1,104,11.689562232515392,343.5022853440007,77.80022631639007
2025-07-07,10,121,10.055964430287137,279.3367995755961,84.97336730326863
2025-07-07,17,55,7.550095674680753,228.888660050744,65.22971623205709
2025-07-07,9,53,6.071057813061841,194.41098100962307,54.50869216040505
2025-07-07,13,141,13.991600156877658,404.99751073426347,101.65575456832393
2025-07-08,12,86,12.343818235390462,396.7343476591021,96.57452381358809
2025-07-08,16,175,24.09143220671086,832.3735608252435,203.90012149724365
2025-07-08,8,167,20.799532017444026,530.6242204713925,140.87152098643216
2025-07-08,17,98,12.550006806559283,328.1183765339222,89.75158262386552
2025-07-09,4,96,8.30015380273229,256.99944829250705,63.485809451179186
2025-07-09,17,90,7.705134088715992,219.9639559621323,67.99917318074186
2025-07-09,9,65,7.90115659999885,198.32939571543733,62.48462302595889
2025-07-09,9,135,12.2583387919251,327.5242388479809,97.00797327998768
2025-07-09,2,107,9.057664394224755,274.80659149331956,58.208277461193084
2025-07-09,17,26,2.6169740879305645,78.14285918816198,20.233395969005716
2025-07-10,5,76,9.051977549116263,257.3628704929921,74.1132514108228
2025-07-10,6,42,4.4989342018658585,150.79713179796565,32.444934956721774
2025-07-10,13,133,15.690994971035261,527.490845816785,121.93247228407012
2025-07-10,12,112,11.97243862187707,353.2017086871636,92.64032433176676
2025-07-10,9,77,6.692928799083025,226.86699710653593,40.40473669197151
2025-07-10,4,138,17.689992478634043,508.5081895082172,114.99522201090716
2025-07-11,5,21,1.8896133918004059,64.05972757186176,13.29840439599896
2025-07-11,20,33,2.6987843253822845,84.89896146546657,21.349291925733244
2025-07-11,11,140,17.040690653398123,443.2726551404174,145.55166987283675
2025-07-11,8,176,24.450031816694406,753.1151413676073,187.75339175133797
2025-07-11,4,127,11.409515881771627,340.6413309471768,69.39963721867746
2025-07-11,3,89,7.965965763208328,207.05952355367913,52.787206688468714
2025-07-11,11,65,5.3062520382932465,172.78290126141343,39.13662818121113
2025-07-11,10,136,11.985642901109005,414.2140897907727,83.20313627860912
2025-07-11,6,32,4.411824485820932,153.70854582374366,30.28812943216354
2025-07-12,15,140,15.016922570043718,433.31508848373727,105.43623578555625
2025-07-12,4,83,7.53558270086701,230.11495442502732,57.459680445321766
2025-07-12,19,145,14.668682480917662,404.75807467259995,96.57672067703118
2025-07-12,17,99,10.293164493324564,285.14615182354896,91.60146632574232
2025-07-12,7,82,8.553370204035113,263.48379792835004,54.89202397758142
2025-07-12,3,155,19.19464238741854,573.7082501378676,138.30385551672828
2025-07-13,17,113,16.003289768598012,499.8477061339104,123.35547130762735
2025-07-13,19,179,23.477149899758963,621.6712075989313,200.90977993028014
2025-07-13,5,178,25.540507398082028,672.321262212495,198.68071808938143
2025-07-13,2,25,2.618556295956869,77.46910882432839,16.009708360790004
2025-07-13,11,19,2.576300181190709,71.51210489029265,22.236746955537726
2025-07-13,12,84,7.59492030010208,225.0128509552837,67.92108465826756
2025-07-13,12,66,9.269589554017198,286.3127345271212,66.05499990538853
2025-07-13,6,89,8.386079857466324,273.5370011183259,60.0411578198882
2025-07-13,11,96,10.660023220486396,330.68639096547207,82.87336868750738
2025-07-14,7,123,13.9425219343311,487.4477091046625,86.14268256619003
2025-07-14,13,95,11.857318771871498,331.8193481820905,79.6947844610901
2025-07-14,6,81,9.021969043944624,271.6002872468135,71.09110897841916
2025-07-14,16,128,14.512517476127641,462.6187184981081,118.53999691790958
2025-07-14,10,56,6.959572911066045,218.84170160303887,58.87376525476562
2025-07-14,9,166,21.798054826173125,660.1711168107222,182.67166762479542
2025-07-15,3,33,3.1035038502026886,108.45655514187048,19.457220201050895
2025-07-15,7,81,10.663720170243876,355.54384989545747,87.67101181315398
2025-07-15,5,155,20.574692956488114,672.570825403336,164.09596446688488
2025-07-15,1,178,22.962427038740422,598.0343980873456,165.2674890818139
2025-07-15,2,142,18.192819259514202,459.27743990257466,125.8654194907174
2025-07-15,8,17,2.1121868971124282,64.99284973358567,17.09449637377535
2025-07-15,13,75,6.529941299881988,219.99008209957634,52.534983680840604
2025-07-16,17,133,18.479713012180774,506.7564591844098,137.39259428858426
2025-07-16,2,27,3.4203548557169663,92.72966705147917,29.381540150349096
2025-07-16,3,150,15.07140845624279,399.74342603398765,102.46303124128076
2025-07-16,7,67,9.310062200353116,283.86197631962284,61.98473587540612
2025-07-16,13,35,3.325838779484067,96.98549731163297,27.53406811763164
2025-07-16,17,37,5.205357683031378,153.7634992106716,44.05968808454189
2025-07-16,20,162,20.70087928867338,567.6039673200115,168.54361752208877
2025-07-16,20,67,9.13056540042132,278.7105971776708,69.03172806574821
2025-07-16,13,73,9.802018828560023,271.65406928786564,73.41796663092342
2025-07-16,14,48,4.289663299678969,134.24748796584322,26.437178205403885
2025-07-17,12,63,6.440557767101524,161.02261915830022,48.51921684572791
2025-07-17,18,110,13.369840374914697,454.00324282464635,103.61358296706645
2025-07-17,8,148,14.397095284931709,466.59604505743033,100.0426861538876
2025-07-17,11,135,14.204210532664044,393.5124949808484,121.13543502599518
2025-07-17,12,114,16.359454576053768,563.2533735729027,118.88666866922959
2025-07-17,6,126,18.33835257800796,582.2683792592037,116.41310998087356
2025-07-17,1,74,9.197447531917753,294.6730750006937,55.3050780225355
2025-07-17,11,27,2.5055056772815423,69.61395711354233,16.007179565737946
2025-07-17,4,39,3.9336825295856794,102.48678477853547,32.82843579487354
2025-07-18,12,51,4.252024064244067,121.61003405963416,37.717151905774806
2025-07-18,9,113,12.660403876810015,342.9554934081865,89.96636834713301
2025-07-18,12,119,9.956117318161645,325.3228665455162,72.17700487167774
2025-07-18,13,114,15.905777048936764,431.36372792078873,126.80181608284147
2025-07-18,11,68,9.629546072506269,261.5134999110913,77.35837675785308
2025-07-19,13,176,18.94312723936828,649.9021916681946,120.8035959099986
2025-07-19,3,42,6.22529992532587,158.8820193481045,50.09238409432302
2025-07-19,1,114,9.801023865144913,249.24071824477295,78.4140713556567
2025-07-19,17,132,17.785821694780616,541.3658594938082,112.04357059054153
2025-07-19,10,60,5.815933310927413,198.38548094286784,49.52148614949971
2025-07-19,17,114,16.69179072753242,422.53963287775093,137.01625465109848
2025-07-19,6,31,4.446162971939413,123.01088814781679,36.345468213308635
2025-07-19,4,136,15.821187306833304,502.724913888479,109.7292933720038
2025-07-20,16,118,10.526340884729281,353.382901412484,81.32720662186595
2025-07-20,10,176,16.319026829540583,479.0462769840165,114.17277633901548
2025-07-20,1,69,8.021749348851756,228.46708969965272,57.07649443368293
2025-07-21,16,57,7.205399311105685,219.6480982359111,62.23854846303498
2025-07-21,19,174,24.86446816493954,816.3498242664369,207.39772083326594
2025-07-21,8,59,6.363761859902096,178.3708821166836,39.4367704728289
2025-07-21,9,171,16.631845510686954,496.307088154035,137.08521275915163
2025-07-21,12,18,2.646815149245137,91.12254882452945,22.115645628973045
2025-07-21,20,89,13.118046822077472,337.86907517989283,93.09933246533981
2025-07-22,12,120,17.127030939074416,573.2750271642599,118.9547849031893
2025-07-22,19,25,3.7178933167417836,112.5504898412994,32.4172892321271
2025-07-22,11,79,8.228912912972984,281.221933844512,56.545086311827056
2025-07-22,15,173,22.41050555173976,574.202696246496,144.36644038524466
2025-07-23,5,98,12.168123480972062,358.6765422197386,77.91035978433638
2025-07-23,18,180,21.07371252171481,577.8187104535266,158.09100236786318
2025-07-23,14,148,14.685931523896162,485.65868751009987,108.36740957539922
2025-07-23,10,60,6.617827209279771,168.3509025810813,42.997673464156506
2025-07-23,8,122,16.96476813100257,590.5762407664763,142.15506364235046
2025-07-23,11,109,10.566285504319056,365.6597264722062,69.64003267509658
2025-07-23,3,62,6.7249654637938505,232.21440388216809,50.89197742821415
2025-07-23,12,153,17.155498864130866,586.6129673516988,111.99601015995702
2025-07-23,6,132,10.680393206075454,268.5253832234906,90.65704532968341
2025-07-23,2,31,4.56349426155982,137.88413722840045,40.760782659047706
2025-07-24,8,155,21.668307683798417,709.223004319696,150.16136816458004
2025-07-24,1,53,7.138804198679447,247.01460309756928,59.185949580621966
2025-07-24,12,151,20.91026077200127,686.7809662585162,149.11016259886583
2025-07-24,10,118,16.44482766010826,530.9806995649786,103.37543998359342
2025-07-24,5,169,13.865078303923479,413.3027529804466,110.7445681537933
2025-07-24,10,23,2.0876293096729888,72.86006611968861,18.50587556479861
2025-07-25,1,174,20.16493261835781,601.2274154497178,159.4306306026106
2025-07-25,20,131,10.779106586292164,275.6975248146657,79.04422390594065
2025-07-25,14,31,4.188981516313551,115.23893945838788,32.222576139729675
2025-07-25,18,82,11.423339372723472,388.6490106298329,98.60702896269358
2025-07-26,20,130,10.65042458477778,355.70460161952934,87.9226260103288
2025-07-26,5,136,19.98416728904926,529.2163072891512,160.64572200961135
2025-07-26,9,82,9.89851196175797,290.6811068449432,76.61712057712134
2025-07-26,3,90,11.98029039867115,333.35110903514806,84.57068104223548
2025-07-26,15,85,11.832804825236808,343.2627768472204,98.08596593242122
2025-07-26,10,98,11.25312338572226,304.36098986130355,87.47492703315606
2025-07-26,9,126,13.004400645772648,436.3015692053302,86.10509423571251
2025-07-26,4,136,19.836268635189587,596.4608157205287,143.38123532829326
2025-07-27,8,178,22.882480996123487,748.5140566971673,182.2349816806691
2025-07-27,3,48,6.782967160617311,206.14078549219303,46.44580653924674
2025-07-27,13,83,8.916497226677134,271.65896742060204,67.73029283564838
2025-07-27,6,115,15.02118260475456,405.656086665091,99.301059579038
2025-07-27,20,17,2.4104539130013722,61.51239615061923,15.84477200146547
2025-07-27,12,52,6.823478041093735,214.30058002565855,49.455420544285644
2025-07-27,13,101,12.390091252414296,420.77255404674963,104.74682572071846
2025-07-27,16,169,16.73111837341259,439.25149968887706,117.30010038140534
2025-07-28,15,132,14.309140798003163,389.27852051305655,118.5862696381038
2025-07-28,8,30,2.5647572142659603,78.08395539672416,20.846250421758462
2025-07-28,2,23,2.272843255349078,71.10440224480689,16.92268728281859
2025-07-28,17,82,12.00845751823674,376.1240428632224,76.73193145564332
2025-07-28,5,116,15.619542647991317,501.15141665629505,101.78112105665967
2025-07-28,17,141,19.447487377148693,621.7768909678904,158.36049895774454
2025-07-28,6,15,1.328132019037941,34.86512907995163,11.357407862767955
2025-07-28,17,176,24.02311353563778,647.4807101068463,169.0272479960199
2025-07-29,6,98,14.552684713149503,488.4662794515373,117.92782005715421
2025-07-29,12,126,15.037482046630677,518.3556401975252,112.61233854063958
2025-07-29,3,29,3.348545477434974,96.68045306685109,29.198367692653335
2025-07-29,17,97,13.07094287638956,343.03158072932854,109.69974523072837
2025-07-30,1,28,3.8928250582353487,101.11668855980179,29.88499180788775
2025-07-30,19,148,17.501018074566495,606.7664701741744,107.71887414227615
2025-07-30,1,41,4.6640987167937915,122.12906850466045,41.43837169235611
2025-07-30,3,161,17.349159996026884,456.58045094767164,149.131423671744
2025-07-30,20,109,11.083681365765427,309.2397567224915,95.47751467247551
2025-07-30,19,71,9.63950654404112,265.13153309585323,75.90747318133712
2025-07-31,3,128,17.702160176022907,602.950987181183,106.85856440388548
2025-07-31,16,86,7.192051510700769,219.27548568082727,49.35831727454133
2025-07-31,11,147,15.39194300052475,480.427554637399,107.77669209585133
2025-07-31,14,83,7.03713209380086,231.0825177587937,48.25554979399145
2025-07-31,16,33,4.205119584113163,108.1603472939228,27.821929960865145
2025-07-31,7,47,5.871306167112256,186.207250844377,46.36480332669662
2025-07-31,14,161,21.72997950578549,673.8689802125278,194.9415007131264
2025-07-31,18,77,8.488582019734388,295.4339551640744,52.65049483060604
2025-08-01,10,31,2.7037733564255246,82.4051905279513,24.16327781238462
2025-08-01,9,96,12.414605756344432,362.84523759816125,87.39351732860143
2025-08-01,12,85,8.372443765793903,226.50247897072646,62.36733070813712
2025-08-01,16,16,1.6019570646849202,50.56987677370025,14.266408050892693
2025-08-01,11,53,4.8785303364725054,167.11514009265676,30.271292029349954
2025-08-01,9,162,19.753165618285326,617.0195165092225,156.9490630578943
2025-08-01,2,164,24.198376441337334,665.6714546949028,194.2664744556305
2025-08-02,1,110,13.497057111512039,379.6597174909612,91.9593475283839
2025-08-02,2,171,15.763757653477809,412.54794840157115,115.82033517954619
2025-08-02,15,73,9.603695016790791,324.89240937351707,63.460236156799105
2025-08-02,4,112,11.888669640213827,303.21920481136806,93.71195950812381
2025-08-02,13,82,11.934173380231877,363.0363697467902,105.2469324397122
2025-08-02,10,178,23.282544843136723,725.774901151345,191.34118486411592
2025-08-02,6,180,15.683853070999003,393.40121428947987,114.50386486728408
2025-08-02,3,99,14.257822240470512,418.3274947869387,96.61292725900056
2025-08-02,9,169,13.627110731495788,421.00331614569393,106.83484549097254
2025-08-03,9,53,4.979292948291831,168.17412786373544,40.91071461520913
2025-08-03,15,77,8.078683865112446,203.244594760442,50.34179747573097
2025-08-03,2,54,5.661373940220439,165.58225323447044,37.62567884811886
2025-08-03,1,89,10.825624027442629,310.93361573373227,75.76967509523416
2025-08-04,18,52,5.555154632297613,166.29360903354063,38.052333083796164
2025-08-04,14,145,17.860353619703293,579.1901022370099,146.70051848051753
2025-08-04,14,22,1.8654264277737103,53.55849952470594,16.345425662359606
2025-08-04,6,121,14.239671559375893,394.2756464082611,101.17780417431199
2025-08-05,5,151,12.450033659507936,409.2790879668276,90.06377256724275
2025-08-05,11,137,17.725369362418633,518.9281498580107,129.885064303831
2025-08-05,11,51,6.878834870520999,200.81999061371522,51.59291488998848
2025-08-05,11,18,2.1836931505301247,63.493779562265054,16.178058033661127
2025-08-05,4,143,19.0920516880358,555.5159014623601,152.078141395238
2025-08-05,1,116,10.57507717183583,281.3459745870232,65.68683632652231
2025-08-06,10,106,13.408507836618146,453.4342506992169,113.19967892543252
2025-08-06,20,97,8.509832352561387,237.35517567847353,58.96820782736362
2025-08-06,10,37,3.620145024689545,117.38431861909699,22.5531683487106
2025-08-06,13,69,6.563570361462222,217.20983537048954,54.86536509946021
2025-08-07,14,120,11.88058953512769,324.551995350252,82.63932413718774
2025-08-07,9,20,2.3747196656496805,71.31597741119292,15.62942931351684
2025-08-07,5,101,14.004012210202252,470.36175979201175,115.46402679814756
2025-08-07,9,43,4.8221595935350114,140.3775797374127,39.376731412164226
2025-08-08,20,126,11.116802467324941,296.29441196144126,66.76725332510546
2025-08-08,2,148,20.018517531862177,559.8752322689303,152.62335628762509
2025-08-08,17,140,12.824332134259164,434.8545759991492,86.23863884748202
2025-08-08,10,129,12.327922581875978,372.20766765876095,96.4445195696477
2025-08-08,14,61,6.549710351173992,179.08240120771032,43.61230591790124
2025-08-08,8,121,14.396760413667652,419.7771558556226,104.90678887958839
2025-08-08,19,88,9.577086800971776,311.5995819382779,63.31413437669409
2025-08-08,2,155,21.84521758402282,684.0652768074144,165.9693070898391
2025-08-09,13,62,7.588468439663606,198.60569238418776,53.20745500696489
2025-08-09,17,85,7.480000331487979,244.20712356237672,60.11446761481392
2025-08-09,17,117,12.79383490494972,322.16463251323904,107.19025870352816
2025-08-09,3,43,5.331563634409907,170.0039243834708,36.04039529522952
2025-08-09,9,134,17.77974719839382,527.1793274405627,153.30608440136112
2025-08-09,9,122,12.609186500446832,415.0387125355014,92.72647391589982
2025-08-10,19,161,22.515557200457813,761.6022038944132,166.59101516526349
2025-08-10,14,44,5.515144637487053,138.7339228020926,37.73818181711353
2025-08-10,2,150,21.212179757894805,612.9057695896897,161.74887142693078
2025-08-10,4,93,7.873336378721591,247.87766699856857,48.99038903058725
2025-08-10,2,91,12.400298652882256,363.75931776107194,111.49786891663568
2025-08-10,10,81,7.728031217879951,220.28911676171296,55.00503361521819
2025-08-10,4,74,9.663781556597009,305.05944173618656,78.53075874044073
2025-08-10,11,144,18.18977762707055,542.7810304873235,109.4286185849255
2025-08-11,2,75,6.544312548854951,166.79212331036692,50.67290839307629
2025-08-11,9,72,9.701078284876115,315.454521358425,81.57642759819879
2025-08-11,20,113,14.348855614433335,447.7522779033501,118.044585124018
2025-08-11,7,106,9.926715983260147,336.55632344378427,81.89474569651416
2025-08-11,17,158,21.03139145207296,651.3748562814685,167.4603136745851
2025-08-11,4,76,6.912456129139155,205.57099965568548,56.33092759719199
2025-08-11,16,22,2.666297600144843,71.60002996361987,20.79529205409372
2025-08-11,2,108,15.206915677065096,490.3233350086983,125.26332031688162
2025-08-11,16,95,11.488042799602734,302.55490598442657,84.22547685835893
2025-08-12,18,76,10.316004516880081,285.9540786318857,83.32316041551199
2025-08-12,15,180,23.82773367478189,649.3157207802751,180.7613159855852
2025-08-12,14,27,3.397400152423405,112.92167857107884,21.027939436987165
2025-08-12,15,146,16.39676431995556,571.1494190922042,137.07899967309652
2025-08-12,5,98,10.36686188662925,303.9922833290197,63.169926348424156
2025-08-12,6,139,19.67447756741014,539.7489650249036,150.94281832520485
2025-08-12,14,148,16.284283893871624,439.8491175182483,122.82589050533811
2025-08-12,7,118,14.94753597481499,387.78802534934556,123.22769896762061
2025-08-12,1,139,11.774400042902489,305.53601866641503,105.9304838993542
2025-08-12,11,45,6.124246174402497,194.39942569721603,36.85054304648045
2025-08-13,3,109,9.027876808939508,262.8187839168473,57.69031764095725
2025-08-13,20,163,21.982453444768446,674.0217429810305,152.52160342770537
2025-08-13,16,49,3.973998191575172,100.03148681254837,34.771728738807354
2025-08-13,17,114,9.430725373167572,314.71458747478056,74.11209660107879
2025-08-13,3,17,2.1032907172562925,70.76381216966679,16.323238621130315
2025-08-13,4,75,9.35119175890709,302.3243680438545,75.07488529118874
2025-08-13,11,167,16.035554156432102,496.59735986282067,140.86506784260374
2025-08-13,14,42,4.911371750691783,133.17851950397747,44.137974020058905
2025-08-13,12,64,8.029800005089363,265.3378403321554,65.40513386668196
2025-08-14,14,46,5.144341183019568,163.32183921526217,41.32240845041606
2025-08-14,18,134,19.553070834852328,521.5502099316726,146.669116093335
2025-08-14,9,73,9.402363968107146,296.04649475701586,64.17926374565594
2025-08-14,19,79,9.83675000735171,304.87060113719787,64.31334075070406
2025-08-14,12,164,18.345374465102374,581.1375426875406,156.15768472001224
2025-08-14,14,162,20.732383194677706,523.4856727061073,135.05701630074742
2025-08-14,15,26,2.90786784590122,92.63596175466803,25.387544726443668
2025-08-14,13,80,9.606600504139326,266.7764991619117,84.1915026587135
2025-08-14,11,122,12.791056603889665,326.4264025367056,77.96444852245746
2025-08-14,8,172,24.784693676430262,772.3690008941265,167.02053265760128
2025-08-15,14,76,9.254850554196189,277.79134529847437,82.63249702457985
2025-08-15,16,169,22.24375059466711,619.8264587349921,187.02369634361546
2025-08-15,3,51,7.283596140873628,227.43979703893342,64.97075451086883
2025-08-15,8,109,14.640204995319744,384.7353528962261,103.10395474400883
2025-08-15,12,31,4.330027904103756,148.86485385447287,27.085668833528068
2025-08-15,11,112,9.516913530104976,257.983835454567,63.65004398112845
2025-08-15,20,64,6.323158510192319,164.4639685094863,41.11616917731427
2025-08-15,5,98,14.515306833678364,473.0963079863041,129.23390483266377
2025-08-16,8,70,6.362300040659581,172.24482984798806,50.209635694777276
2025-08-16,10,53,5.596360050724717,159.70314133665912,38.656504969400444
2025-08-16,4,115,10.569429109339715,359.17436313613564,88.04767790889255
2025-08-16,6,141,21.019016231813374,582.5138617192157,132.3304458206715
2025-08-16,11,60,8.175980540030595,215.61274720307935,63.29923648497182
2025-08-16,8,142,12.792143132971205,399.62635774072015,87.25420097455034
2025-08-16,17,79,8.861499836391335,248.69475562899711,75.03159192345899
2025-08-16,10,23,2.1470688400213405,61.12838897002406,16.40728292468516
2025-08-16,12,159,22.31631909681564,627.9534348356926,169.91797370359248
2025-08-17,7,27,4.030062637523956,136.5997513460341,28.671484833641138
2025-08-17,18,91,12.00425604819559,359.2356536723333,89.42621669158996
2025-08-17,19,85,7.496219762904779,247.35410636079573,47.74865398598379
2025-08-17,7,103,11.94486379629727,406.51931239926813,103.55780249958536
2025-08-17,17,148,17.721655013765726,545.7054865708087,132.36079749085957
2025-08-17,4,53,7.698917433029136,249.56830917850263,52.64710406342005
2025-08-18,6,134,12.457835933495575,346.1587939803271,82.92096802940979
2025-08-18,13,164,20.05220927956239,616.9290794339815,153.92673065707672
2025-08-18,6,46,6.2486978879812485,179.17458390426395,39.123420252567406
2025-08-19,17,73,10.158567551144737,334.81890847397693,66.28840605321676
2025-08-19,9,45,4.287353733839343,144.6583921552192,28.93537975329981
2025-08-19,4,27,3.33837309968147,103.49896229267978,20.56619232838724
2025-08-19,20,95,8.61112297337287,254.74488268024078,60.73991784551632
2025-08-19,17,166,18.92883623819742,647.5062065484444,115.84783494225567
2025-08-19,14,86,8.129396435958334,222.5947964744115,70.93145244079881
2025-08-19,7,170,22.65085014521786,601.2650512456465,169.01602442133745
2025-08-19,18,159,20.556446809806506,706.1493228332517,146.5143283161347
2025-08-20,14,108,12.236199904162847,388.42588715300815,101.42194550316744
2025-08-20,16,69,8.643080144272036,235.67442589516477,69.23191563625457
2025-08-20,20,122,14.040894005103729,358.076917881812,85.71593226182128
2025-08-20,1,71,7.857747707844273,262.38437094734974,50.93422516246625
2025-08-20,3,89,9.917511524204684,271.4897513385372,60.981222503290454
2025-08-20,1,150,14.951022376752336,399.71499273016923,106.7391548108315
2025-08-20,8,56,6.017006821465925,195.5990315431731,38.36719664031851
2025-08-20,17,174,20.697636586954058,694.7148065688857,176.03749391723196
2025-08-20,6,100,8.463156321841083,213.20006673243728,71.77243770374142
2025-08-20,8,129,13.4361062219845,339.9474437968558,119.3727763457087
2025-08-21,8,97,12.085873018597965,374.3348289385798,96.20536809676969
2025-08-21,6,42,5.853441150945952,201.7775676089536,50.65898898131646
2025-08-21,4,57,5.915683266772387,174.84506786687766,47.52861952886252
2025-08-21,17,119,12.409560183115332,364.30060703419053,104.0348336691433
2025-08-21,3,118,12.02672804711396,402.83937094176196,75.37113358138625
2025-08-21,16,54,6.364990957946564,221.8101165018912,56.120056956043655
2025-08-21,18,146,13.708578782466668,365.3178290573929,92.12121199949613
2025-08-22,12,45,4.073987653668892,141.28900360010977,29.903654328310598
2025-08-22,2,81,7.878554351616655,234.06871825299785,62.91609370212007
2025-08-22,20,118,14.213380590853168,483.87461150178945,120.13467004025419
2025-08-22,16,127,10.221145084132683,277.24317153275587,81.6727832651997
2025-08-22,15,176,24.62755238784932,703.5522110547096,203.72880026390825
2025-08-22,4,101,10.192919946281348,265.7352511638094,74.61394899704985
2025-08-22,2,172,25.08025849907827,778.4403088624329,215.4245382129294
2025-08-22,20,130,13.020302618351533,389.67416672746486,89.83782525952384
2025-08-22,20,60,7.455400233645016,229.89509713379135,53.457908868405376
2025-08-22,6,127,10.562265290377914,287.07272811586114,63.8544985132504
2025-08-23,18,163,22.407393407383196,687.1463046144491,178.6113830080411
2025-08-23,3,54,5.830181005738614,164.80724801214487,35.1701777578158
2025-08-23,11,75,10.094938716280357,262.340928431981,62.861014919036506
2025-08-23,5,70,6.051622996514919,186.6973164690748,40.41773551324126
2025-08-23,16,16,2.1075306783889967,53.372022538295965,16.809986966373454
2025-08-23,12,90,12.700585709414634,417.78478876594016,104.70975635637765
2025-08-23,9,117,17.302036552615434,507.16315559397924,121.85056801341099
2025-08-24,20,103,13.22940115537538,391.3162925648386,88.36664331585096
2025-08-24,15,143,13.971109763683613,429.9793105214409,98.88229307861293
2025-08-24,15,36,4.082923003268451,116.39674919661213,28.93844921990508
2025-08-24,15,31,3.1921494776708177,86.47722464757541,19.96391040487111
2025-08-25,17,92,13.239027344103544,405.8672953946959,86.68937813450593
2025-08-25,8,157,21.61162348213122,623.4112846643854,159.4369874614063
2025-08-25,3,74,6.534574706541386,224.38092128146485,52.61377749569463
2025-08-25,2,40,5.823905045775096,163.756686531379,39.3073783461499
2025-08-25,18,160,16.519629573050995,566.3097246131787,140.98821550936927
2025-08-25,7,142,13.73707690161916,413.802015159619,114.30231976098115
2025-08-25,15,177,15.111589768615683,431.38544616065536,115.63373588382323
2025-08-25,16,58,7.947564279122556,247.31477058037868,56.58962874820894
2025-08-25,11,64,5.594316945594819,159.71202488668226,40.50015571697656
2025-08-26,14,179,15.19845498970495,440.0346838910442,99.47900373267758
2025-08-26,16,158,13.10358229688181,382.51753054031565,85.2337051192097
2025-08-26,13,45,3.9015465224448516,109.93366948526429,34.74726625094692
2025-08-26,9,59,8.174738766252478,208.47336776996497,60.44270644463717
2025-08-26,7,139,17.248154967649704,500.75026904883,142.42135561981982
2025-08-26,18,128,16.30984511820552,477.62694846958647,133.6508528084089
2025-08-26,11,140,12.6350753147076,421.1181797490735,96.29051400258311
2025-08-27,14,122,12.99700574517112,443.8556396063463,87.77537971103769
2025-08-27,18,29,3.3025617621940904,99.54236356173264,22.87157722705522
2025-08-27,20,20,2.055295674786696,52.18949444209015,14.00888672005698
2025-08-27,11,57,8.463635600356858,293.32821466867864,60.81516493220976
2025-08-27,9,147,20.58050215114317,683.3605131705423,150.68468622984108
2025-08-27,1,164,22.112260844335427,611.6093137714596,198.36902373818293
2025-08-27,3,151,18.459299484716848,583.2226713905613,148.85831389978162
2025-08-27,17,87,8.063406169415005,251.80029057245838,53.76702002703671
2025-08-27,15,130,15.372772729725932,448.45351432245485,99.62597162624235
2025-08-27,13,126,13.980665078902511,460.97203700172605,114.25974853562401
2025-08-28,14,72,7.476345970818681,247.09052269472346,46.03316218009192
2025-08-28,3,130,13.454171784098996,346.68809966690657,90.2099908392899
2025-08-28,13,149,13.332842968768624,364.18330098216427,114.73216125871451
2025-08-28,12,135,14.765478767524357,376.611619582595,90.33779045716166
2025-08-29,17,32,4.481819403649728,144.81463682623377,39.62048512879033
2025-08-29,12,62,7.988088774781291,228.78787107769065,61.49746008302601
2025-08-29,2,73,8.575730179438237,262.93803150765416,70.78715415931258
2025-08-30,15,133,15.759276319446471,401.95186316114257,114.70174492010024
2025-08-30,11,31,2.9612668926773313,83.43531095678944,20.07195620646003
2025-08-30,8,83,7.162413382634871,192.90165654446747,44.06085770917889
2025-08-30,15,90,9.010158314006082,250.4595124231938,63.03502145722321
2025-08-30,7,138,18.372779768487465,592.9868374328154,136.9355163354476
2025-08-30,15,33,3.1395387201108815,85.03718057364961,21.62883486641426
2025-08-31,20,43,3.889240903921836,107.66096980221484,27.54836520870485
2025-08-31,16,160,13.434820840257357,340.5287366996783,96.4046696372116
2025-08-31,2,155,15.074740976172114,524.0029255610262,106.04255421942317
2025-08-31,20,125,12.601263037461607,344.0136938431804,91.15642684584766
2025-08-31,6,130,16.5186929739545,549.4224133556595,132.46796460484856
2025-08-31,4,64,6.898524886689484,183.24668729370697,56.66346824747202
2025-09-01,5,36,4.571602479577414,126.66282715189979,28.543663677156538
2025-09-01,10,151,13.731049938826434,478.996828757631,122.64353830780705
2025-09-01,3,99,13.922083709468392,388.3481052248598,103.06579322549075
2025-09-01,2,130,14.462621488348592,451.0562005867481,115.6445044127279
2025-09-01,16,30,2.823209593813257,96.96124304317934,22.775574188000352
2025-09-01,1,153,18.196802318067423,596.7671711461422,110.06520019198582
2025-09-02,18,154,12.75269690094025,432.3053780919858,114.46678216331678
2025-09-02,1,61,5.778060235340339,188.67466206645312,39.054365728936986
2025-09-02,4,122,10.281001001266072,286.6169637485425,64.56277752074413
2025-09-02,11,26,2.356231245929006,79.86626338580682,20.80972742190412
2025-09-02,17,158,12.699778455819729,317.66543482439187,90.60405876574494
2025-09-02,10,56,5.394664664785361,168.60108233640918,44.45869817724232
2025-09-02,10,61,5.135957894677786,135.12570366020893,40.152872092685975
2025-09-03,20,121,10.640843720870174,372.1006450107957,69.70132731779498
2025-09-03,2,26,2.684188138619239,79.5952222508991,16.2153073579403
2025-09-03,2,34,3.868858065923104,126.80010019912349,31.022598574129816
2025-09-04,4,166,19.00400044067748,595.4735809238537,159.94864709379442
2025-09-04,2,43,5.865996491611426,181.37759951804082,38.11550343040987
2025-09-04,7,38,4.004924577061744,122.01789004037788,34.11979896893967
2025-09-04,14,176,25.380742580237026,737.7142621487358,163.19422494097995
2025-09-04,4,178,23.29641183486104,765.2334729046038,209.27739383294139
2025-09-04,1,178,21.896492787794926,674.6737337329266,148.04014406289406
2025-09-04,13,137,11.743189175498323,402.12050863554725,81.93775466592001
2025-09-05,19,154,15.807657846593598,500.32122139528735,121.24055116723198
2025-09-05,7,60,5.365220321837253,139.19628993086616,45.57515910740534
2025-09-05,15,58,7.2781394698630555,189.48156588554073,52.44686728475883
2025-09-05,8,137,13.825327733410273,468.8445241966916,83.51745094693104
2025-09-05,3,31,3.6829539982395207,97.53263090246423,23.1153104144739
2025-09-05,8,155,22.79030336205758,698.6925745517309,171.9160093540628
2025-09-05,6,167,17.849458442791963,565.1616661221788,160.04728682961277
2025-09-05,8,143,14.592333630334846,378.91107741412424,95.2980197558466
2025-09-05,15,68,7.553932930875504,229.02555979193932,65.1213649050062
2025-09-06,3,34,4.106860389440342,136.03867526704408,28.66926576423608
2025-09-06,15,143,15.471064247155548,490.8206368539161,124.4890798429569
2025-09-06,16,175,21.746854141702478,571.5781916188347,168.22230144580746
2025-09-06,12,123,12.050561503227016,398.16208079465656,87.7017346766354
2025-09-06,19,116,10.031103556064386,329.05509111061014,80.4605369015707
2025-09-06,20,125,15.399677013750741,515.8829169895002,101.4644240403254
2025-09-06,20,56,6.532369231757035,181.7476575639776,45.03563601521516
2025-09-07,13,170,22.780993537782003,718.0343325010791,193.575832654715
2025-09-07,19,26,2.9429790192150156,75.5372624172379,18.082478096874684
2025-09-07,10,169,24.55200249203949,742.2593445961124,167.33072461254312
2025-09-08,6,130,13.200715238167657,411.0224731212835,114.76445576215978
2025-09-08,8,86,10.390443918979493,335.63437604226306,73.71466576511006
2025-09-08,11,117,13.17802723133469,354.48051656788965,106.81074163528102
2025-09-09,14,154,16.185940653459713,552.1573367943404,98.1321590870864
2025-09-09,16,135,20.015450772968553,667.1558771570506,138.28780062085073
2025-09-09,20,132,16.363824468690602,561.3843129785753,131.37393870662035
2025-09-09,11,106,15.415695972923192,424.0671586218364,98.06451455994225
2025-09-09,11,125,13.024218693793513,431.85305864157147,96.38161845407454
2025-09-09,1,178,16.309014417659945,417.69092949344764,122.28350334194282
2025-09-09,3,172,25.09022105086206,846.2066128920836,184.57018424955973
2025-09-09,19,116,12.424668220769712,392.58103321554444,91.02436511730143
2025-09-09,20,180,20.137827507055654,587.0097045166433,164.95855956255477
2025-09-10,17,88,9.980883727198979,309.58772355752325,77.30403987647811
2025-09-10,6,66,6.653810274645142,177.16022617652285,53.40922968259285
2025-09-10,4,159,19.62025012704945,627.4945316580994,130.3716490690326
2025-09-11,7,49,4.319519024379546,118.9708378733713,29.74595211083496
2025-09-11,20,137,17.465778181973896,540.1765122089336,112.56835531814797
2025-09-11,16,113,10.237934078508676,300.25521124021583,79.7231967860422
2025-09-11,17,53,7.725799465283364,251.48509561083998,59.951213054295245
2025-09-11,4,44,3.7669752109813093,112.13678259506099,29.722486834380618
2025-09-11,4,32,3.2476179121482005,87.52970588434687,26.096147690521185
2025-09-11,13,148,19.320604425151213,490.7985163524974,139.42266863922987
2025-09-11,5,160,19.3032265301879,663.246750464524,154.74918108687046
2025-09-11,1,26,3.8099697341370242,96.08995693971056,34.08994733614608
2025-09-11,12,43,4.283807605179751,112.7575123608547,31.355616434840496
2025-09-12,20,131,11.547928392517305,303.3751926229397,75.84507232184187
2025-09-12,18,180,17.12579299814842,503.93970507486375,105.23950732364257
2025-09-12,11,82,7.704622571133991,212.99211955957827,57.86665374495255
2025-09-13,2,141,17.51249828279441,575.1814520963968,136.52198986937736
2025-09-13,16,109,12.848698483825585,398.96358989014533,85.59112849770523
2025-09-13,17,23,1.8738439818292096,62.204303830351016,15.880005695259836
2025-09-13,5,56,5.590787150053184,186.57782956313773,42.652083847136346
2025-09-13,15,171,13.827722321342677,365.4612912163535,113.75902070829218
2025-09-13,15,49,4.095445205277964,118.67754253539009,30.85968066404057
2025-09-14,19,81,8.65038584928524,288.8490656714404,55.67371098662471
2025-09-14,4,99,8.098859092541849,247.28170658883653,61.238293722647136
2025-09-14,3,23,2.7381766178127176,94.73518874590964,16.829064992766174
2025-09-14,15,85,7.062191876343769,189.6394035815951,53.84081139926264
2025-09-14,5,15,1.5469110473488972,47.787402145663606,11.389651095791749
2025-09-14,17,64,5.881094088021377,154.49307261295152,37.461695044880166
2025-09-14,16,92,8.943257529657497,255.61079540662416,80.20774824822176
2025-09-14,15,39,3.5091793952404053,101.13944459291456,26.895036613331406
2025-09-14,18,73,5.861397836938865,185.83176946273963,46.454265604088434
2025-09-14,15,151,16.471232516258386,415.73473965849337,115.39934621362693
2025-09-15,14,81,11.967441522466912,364.9907120604253,106.38429713451339
2025-09-15,7,108,12.34748840504248,329.61670821529617,75.9731655392041
2025-09-15,18,125,11.8181049334148,364.9072736471422,74.89243531587451
2025-09-15,15,77,10.372999487907002,304.66033932025493,81.77280552924013
2025-09-15,11,161,24.065639769225413,659.5598933428322,207.5161346681568
2025-09-15,13,65,8.565557184822142,266.58376045986984,51.82185601108479
2025-09-15,19,96,13.12634641968793,363.94772897395654,107.5662919447694
2025-09-15,1,161,18.761636378340018,481.79381280497586,122.77008250666604
2025-09-15,5,168,23.90802350853571,753.646674567465,176.41572257082316
2025-09-15,6,91,11.22054754152839,344.30836467675726,69.31528269381027
2025-09-16,16,177,19.066451973517772,502.0215487666827,123.4783524670304
2025-09-16,8,99,14.791322136483787,400.5956538081271,104.52018603569324
2025-09-16,11,121,13.223759347714486,377.9100822240516,102.89859263274904
2025-09-16,15,163,18.42255154608539,562.5274119174287,142.05373085102718
2025-09-16,18,102,13.459817740681327,339.88719575225065,95.08682275668417
2025-09-16,18,98,12.637468738493132,357.71126179043534,104.05957378000672
2025-09-16,8,126,11.231050216002219,330.2534296665458,78.07732254817944
2025-09-16,17,42,4.870301094332996,135.79298147983022,29.31625667245014
2025-09-16,6,89,8.899449908742774,287.8623454657699,54.036025217285044
2025-09-17,14,80,11.672255730033967,312.16388892498145,86.54917479314751
2025-09-17,19,160,20.801437936469576,595.2637443941445,132.63259025637228
2025-09-17,3,15,1.4061090174266204,35.47000706949268,12.071438397685547
2025-09-17,11,103,10.518920100509934,328.92331119624197,88.62384413291105
2025-09-17,16,87,10.444228849068237,279.9873360765734,71.08752451078682
2025-09-18,12,118,11.479039047940754,322.14952527844747,87.99144153255772
2025-09-18,6,35,3.8449243807425595,119.78557312605128,24.01049454547656
2025-09-18,7,45,4.141262800126624,124.98652070533714,27.50620140771487
2025-09-18,20,139,19.019457386620996,478.1229376983468,151.16924271751995
2025-09-18,9,123,16.716426268870638,573.8336140505071,101.30845621474721
2025-09-19,3,135,19.174318728829135,567.2757787653113,147.52283495964537
2025-09-19,18,125,15.941832789336829,547.082316860831,143.33059947143178
2025-09-19,10,109,9.734240965861908,305.508060998899,67.74281772905097
2025-09-20,9,131,10.488522752697543,356.9478844792283,63.70575536711837
2025-09-20,4,134,14.624544882852572,417.76055567437436,127.74799732042246
2025-09-20,9,66,7.646431949467979,243.19319776873118,67.25108715643866
2025-09-20,7,54,7.358194792124463,190.11551381935746,52.66862305110026
2025-09-20,19,103,9.335099302547103,264.0487121221284,57.535933697642605
2025-09-20,13,144,21.249313156541007,622.218975181916,167.78580118139857
2025-09-20,6,113,12.421260237798512,390.6757843532459,102.29708018281181
2025-09-20,19,73,5.874823106269655,177.6198239049608,51.4901231401618
2025-09-20,9,82,11.123633021059193,314.1014545434285,92.27700431633885
2025-09-20,14,116,14.489536761482153,365.94336447599807,121.18918722174034
2025-09-21,16,125,12.339883686630943,408.7451626113234,77.08994244336633
2025-09-21,16,97,13.704567936188138,384.06590036529707,117.53166783494898
2025-09-21,10,48,4.759626817799327,162.38983442561647,29.95006159077433
2025-09-21,6,43,4.42776181778436,113.07495532891829,35.45783079857157
2025-09-21,11,40,3.8819991524209696,108.93072720953354,24.033667554926506
2025-09-22,11,180,14.46475930757806,426.0463978504397,90.44475710962867
2025-09-22,7,73,9.989045258999585,344.19749726719164,69.31157413705432
2025-09-22,7,151,22.50797211618932,697.2609604433896,140.5824801066635
2025-09-22,4,49,6.914537994262147,184.53923246282687,42.599807376928226
2025-09-22,1,101,9.26972962074953,309.27917019456453,70.88310933908323
2025-09-23,18,77,10.042869752380943,302.4022208096793,78.46432822522294
2025-09-23,3,147,21.856976037816704,750.2382815297356,192.37631283287092
2025-09-23,3,130,14.665987912611797,470.1380997538801,128.5704944853957
2025-09-24,17,138,18.04708965826872,471.49654389790476,130.36015819241416
2025-09-24,14,93,7.901662896266745,225.1812780351214,67.85544732968475
2025-09-24,8,93,9.059634544692043,311.83789550120065,62.464525558480865
2025-09-24,8,110,13.286240574510815,464.4171051006404,116.0492552522538
2025-09-24,13,15,1.258970110398479,34.69267254133911,9.546381258659945
2025-09-25,2,96,10.641268016611253,359.66577416266745,79.98575479776505
2025-09-25,6,28,4.166169500184356,114.56853184271522,25.91395842188513
2025-09-25,14,103,12.532591528831052,365.3432972853814,91.06903761460003
2025-09-25,3,30,4.1918091853139465,133.0290169623281,26.87823779727043
2025-09-25,16,144,20.902706675900347,660.692445277462,172.21925338913798
2025-09-25,17,83,8.14829507834626,203.84131513855021,58.09119102964735
2025-09-25,5,80,6.401271414022231,218.60351722425207,54.61333194011676
2025-09-26,2,171,15.120752007233532,388.2411466936689,123.56810947170264
2025-09-26,1,141,15.529388552411675,406.7365316885125,117.04777292831535
2025-09-26,18,41,4.355747532884494,135.9572816548304,35.52614914335067
2025-09-26,9,84,7.3552102700504856,200.9911706697864,60.68623931396468
2025-09-27,17,27,2.3134003842364206,68.29626349501841,19.009845444291546
2025-09-27,11,53,7.263917493507243,245.33533585916,60.432528442497485
2025-09-27,19,44,5.9163826239682535,175.16832826668806,53.04937273314258
2025-09-27,18,120,14.324406742590536,398.1390510082051,119.57299148826067
2025-09-27,4,63,8.821709980185982,229.1321744916268,71.62448656306383
2025-09-27,14,23,1.8512414416273606,53.75044294839149,12.411209992071763
2025-09-27,19,142,20.347105404627214,522.6456515756586,182.62885448672694
2025-09-27,17,127,12.236413839899951,314.2539429754398,80.28767307609644
2025-09-27,3,76,8.084931803447043,272.9396109354515,70.46743282686893
2025-09-28,19,56,4.8986587596892655,169.17042265821232,30.277046311751086
2025-09-28,17,52,5.326260681550382,141.90686257693818,44.47152989980916
2025-09-28,3,70,6.989678824743968,197.54804507573286,42.373348881204485
2025-09-28,18,139,11.535856366982788,388.14146287527717,73.32169361688533
2025-09-29,1,143,13.912081281588843,467.39659121857085,90.51798325439408
2025-09-29,8,40,4.632985278394546,151.47279339016364,40.790593282927105
2025-09-29,11,31,4.25858596691839,144.28904134901907,28.096698276829333
2025-09-30,7,122,12.22779120282584,351.80014747558073,87.79507631663175
2025-09-30,14,30,2.735747503069527,87.30445092131478,17.789744242918076
2025-09-30,17,154,20.905629253223086,677.231427673117,165.91968129534757
2025-09-30,15,72,6.200730369071423,178.41753233210818,44.89669573687451
2025-09-30,13,149,14.641380785751252,507.9996814181027,120.11972854592288
2025-09-30,4,123,17.183696164987943,449.49509066519346,139.4949894154352
2025-10-01,2,69,9.524797592572394,286.51941000058827,74.87180562929748
2025-10-01,16,92,10.439343467699636,341.154610431183,82.32152245203588
2025-10-01,2,111,16.16875836444438,552.5911301133787,140.06036273742117
2025-10-01,18,57,4.835457378276386,137.07501588467332,33.563438537244366
2025-10-01,6,117,14.430986282350649,479.8024345776106,116.40656247944233
2025-10-01,17,111,10.408267293120636,284.92457950658275,71.81384668407571
2025-10-01,12,70,8.473907727083498,256.42744035609525,70.14643673064809
2025-10-01,17,78,8.80096248144912,290.5143784184875,57.562483386904894
2025-10-01,4,128,18.157808350484387,516.2137197028869,146.1995980970664
2025-10-02,1,88,11.50776843962406,329.1675225902346,72.05259645237206
2025-10-02,9,102,9.21074561281791,257.71456546607726,57.744729454887036
2025-10-02,5,71,5.710053804624374,170.3800239519348,36.37157167940642
2025-10-03,9,82,11.875581873356843,316.091715892732,105.66295360638873
2025-10-03,8,99,11.70847344573837,396.2707930973304,89.7100866379599
2025-10-03,13,159,14.895447544100291,397.14679602980465,130.3272334901362
2025-10-03,18,31,3.287418493269484,107.1640457951487,23.06607470582902
2025-10-03,18,162,19.572669517955536,602.6357067139589,120.63684892931526
2025-10-03,13,93,10.68978514393707,290.39647820846744,92.12326054426863
2025-10-03,20,40,4.386556335806586,124.67174764223277,38.97302738361202
2025-10-03,18,145,15.16924620427034,517.2028023251512,116.90735464113808
2025-10-03,1,90,12.314382325610584,349.95615613839254,89.90832737865107
2025-10-03,3,66,8.935733431334677,277.1314132386063,62.70794707078843
2025-10-04,4,158,13.094213991061885,424.8843390255222,96.0835959601812
2025-10-04,10,132,16.785507563204987,495.2312871462825,138.4282252792171
2025-10-04,6,158,17.952054502232397,567.5907975399889,119.51361618088413
2025-10-04,14,175,23.170456680127444,691.0823272498984,154.0393814742843
2025-10-04,20,82,10.664817613748935,368.697124551754,77.65389791453369
2025-10-04,17,154,22.691460682899,688.8298091773469,178.23852814902145
2025-10-05,2,40,4.630718080526174,135.62281756464188,28.531455824924226
2025-10-05,10,101,9.79344062461691,309.7969561074223,83.41366298268525
2025-10-05,2,98,13.718775885364998,471.74955416421,102.57647960135341
2025-10-05,8,80,11.191086291240886,326.58847647208444,77.53451360847279
2025-10-06,12,148,16.991550265081496,455.1044173556201,107.46246569012041
2025-10-06,20,137,16.8495371596383,476.1383633505514,110.78922251712713
2025-10-06,16,33,3.4254101317983507,115.4243217096673,21.45815050927363
2025-10-07,16,149,20.7599218127609,556.7432478898511,151.3614119698844
2025-10-07,5,37,5.003569167379667,131.04880708995304,32.13112683288479
2025-10-07,6,31,3.604227448478708,117.0658869674011,30.670507484814625
2025-10-07,6,86,12.470153226814443,403.87627827261423,86.27854179908736
2025-10-07,14,24,3.4826775408090835,105.44112637338662,23.601105553979092
2025-10-07,9,24,3.1398225504928687,82.3042626481234,21.690915829387293
2025-10-07,19,15,1.792637417168735,55.58221453963798,11.649931080978277
2025-10-07,10,99,12.197155993920578,423.21921962586663,99.8080274411945
2025-10-07,2,26,3.4672259461318022,107.19681292639702,22.80072089999035
2025-10-07,19,25,3.0909142404298375,95.8946613946091,23.08714378495745
2025-10-08,8,153,13.700526207177631,442.2546653502744,115.62480952286785
2025-10-08,16,22,2.952606021693707,85.1990283017106,22.203766681708743
2025-10-08,16,100,11.907198287233085,338.9982133196874,104.76671140967129
2025-10-08,7,151,15.545733816772993,503.23598837017715,94.98659184169192
2025-10-08,12,100,10.354263759892335,354.1713075452863,62.49843009024962
2025-10-08,17,65,8.570019293853148,255.8166174557973,53.61583261186303
2025-10-08,8,163,18.950499022001278,590.1538337729726,127.15461449939133
2025-10-08,1,32,2.7277666860844434,71.08997391000835,23.219889035088542
2025-10-08,16,56,5.244236424274632,157.58466084365926,43.559893667691576
2025-10-09,10,40,4.505509188277939,148.318461964827,32.4708493440392
2025-10-09,8,140,14.952254843384997,481.3243903800535,114.27340986163786
2025-10-09,1,16,1.5738973816680182,45.98475838710451,9.631886198423041
2025-10-09,3,128,13.341924104655735,420.77583475771354,94.0685172992214
2025-10-09,8,139,19.72918132460823,538.874501864903,142.30115791591086
2025-10-09,17,153,21.542245772551727,660.1922502315798,162.64143030512938
2025-10-09,13,54,6.275051636681542,210.10011790688438,50.548826172957895
2025-10-09,19,37,3.6468901108217873,97.36318429834971,22.92771399049373
2025-10-09,2,67,5.891375144627876,157.41239231212558,45.021735991844096
2025-10-10,13,97,10.090840570747604,338.24986149312224,77.47398646032613
2025-10-10,12,144,11.68156381706764,404.6125957387973,83.30074681634478
2025-10-10,12,16,1.2918172571442126,37.38635603085233,11.048726588825327
2025-10-10,12,30,2.4739518644035994,80.30892168985397,20.79632340868962
2025-10-10,15,155,19.438210043927402,660.7531446529853,152.98874187415464
2025-10-10,14,157,14.777726481294502,503.74705605448867,122.37731151996408
2025-10-10,3,157,14.582652044831846,474.87693117156397,108.23935328613156
2025-10-10,11,122,15.02595169353145,381.7093374767504,104.85876560838274
2025-10-11,16,165,24.196704776591268,687.6378702230944,216.73982900575464
2025-10-11,8,94,12.840394114689827,361.8300658887543,77.38047327005769
2025-10-11,5,111,9.553710030218125,290.276400439872,83.49645502240641
2025-10-11,3,124,11.54256480755176,339.9601630684541,86.1577739816711
2025-10-11,14,89,12.964868704829021,359.8485883633404,90.70893163662097
2025-10-11,9,115,16.681698044985687,451.20697059225546,140.02607506197097
2025-10-11,6,157,13.26110217322704,382.8776107249408,90.81595789076188
2025-10-11,12,18,2.5973372194908526,66.1539842061949,18.224058331332408
2025-10-11,12,112,15.246426920669998,447.41111878465324,131.25040627118682
2025-10-11,18,177,20.88248352110819,658.5472375783739,142.4595997732709
2025-10-12,14,18,2.056426340984898,54.15278927476229,13.834881363570432
2025-10-12,10,94,7.904653556018651,221.3247186833663,58.675658359319996
2025-10-12,7,110,11.531939130354193,334.42427646022264,71.17715252610108
2025-10-12,3,104,12.67204233756302,401.03709191975776,91.97373449702317
2025-10-12,17,73,7.938838187239072,238.533292405977,47.808153016137894
2025-10-12,8,140,11.576328597798177,332.0380574387597,103.45875447692379
2025-10-12,19,57,6.562762166476048,223.7856063229629,53.49823030601856
2025-10-13,16,125,16.27692408906821,479.12157126042786,143.50763229450354
2025-10-13,12,172,25.399141925822267,812.0527945317018,158.73623496529638
2025-10-13,18,138,11.704162736041228,356.9438705334436,84.87265224263213
2025-10-13,12,173,16.51282941578691,438.98498948850454,102.15852269019291
2025-10-13,16,179,19.35326206628,581.1301137779332,164.85804769981127
2025-10-14,19,172,21.16537814348805,566.316117835476,159.57784321329098
2025-10-14,20,66,9.776465279600872,264.10204988119074,58.93869245734337
2025-10-14,4,48,6.597030016426515,165.39691568871174,48.621376390623595
2025-10-14,9,136,15.26258315224355,489.8787577161108,136.61743842312578
2025-10-14,19,163,14.14328492717614,455.47837290152984,96.81750352668747
2025-10-14,17,23,1.9157639909306305,48.26667851915551,12.57963834591715
2025-10-15,20,54,5.939169806150239,150.08915526476764,49.59506423863179
2025-10-15,1,155,20.6665053539957,701.277454886099,150.83489776182756
2025-10-15,17,50,5.669441874161788,163.8020032561286,49.11025670793259
2025-10-15,1,85,8.79810736961713,274.06718159668134,77.2537409781109
2025-10-15,14,130,14.520705728087375,403.4860246990717,128.8947232731378
2025-10-15,18,71,7.066671203028549,205.28457862113834,63.57445105012178
2025-10-15,3,35,3.7610542517326904,110.85902436849234,30.80305374092621
2025-10-15,13,69,5.879036160919725,153.7581248280054,50.61288081076009
2025-10-15,16,129,12.65615985516318,360.34519211035905,106.0908552804271
2025-10-15,2,33,4.830733666942403,125.1800446685936,31.324134318761953
2025-10-16,10,73,8.58683013400217,215.88979423688636,58.15770743541067
2025-10-16,4,33,4.333600473496007,151.47760323481887,29.739478850330634
2025-10-16,7,95,13.469392792489685,349.79727026083077,83.06736852552739
2025-10-16,5,172,19.759929660662618,613.1991127200967,132.0315652628167
2025-10-16,19,166,21.35555294687155,643.9055911837115,191.57757986001462
2025-10-16,12,31,4.3285056590703865,143.58480235287908,26.148438003038237
2025-10-16,1,93,7.62842750199932,208.99189251706738,46.511799580125256
2025-10-16,3,41,4.261739277467184,141.06266419537337,28.61702101003558
2025-10-17,17,123,14.183770176112136,391.5925119561876,85.48928630266386
2025-10-17,7,138,15.994255414781735,534.9754682426736,99.78520428988492
2025-10-17,18,96,13.512823091631667,416.6146267091434,110.18413424873043
2025-10-17,7,178,15.39192098228185,455.27767616064045,110.56691273248221
2025-10-17,9,49,5.807704886416916,175.04163775188502,46.87032352687472
2025-10-18,7,167,23.752552502397116,631.9683957336464,154.84459066568004
2025-10-18,16,162,15.571820007903831,405.8657483840641,131.81946223249227
2025-10-18,1,149,15.212054436279397,454.9955544970694,105.90937675867593
2025-10-18,18,56,5.693120632427315,197.83049211245788,41.180278624247094
2025-10-18,10,122,18.157730162257494,497.81256190021304,146.0579911558086
2025-10-19,19,133,10.71230743845345,320.5220949901049,95.97651362011307
2025-10-19,19,140,15.075099048375305,480.4720488275624,127.29988001597623
2025-10-19,5,174,16.57022110836743,436.42286212935863,146.81085830329877
2025-10-20,3,90,10.246364059979326,278.7103309265357,69.28544510620743
2025-10-20,2,18,1.5528531906385514,49.92988425397885,10.580251483668228
2025-10-20,19,83,10.837210143733193,271.7313294864655,81.57608324674239
2025-10-20,6,18,2.5381982124066322,74.07340111765046,18.613081767501413
2025-10-20,5,68,7.147228088005946,197.8204411567965,52.15113043503325
